序號,縣市,監測日期,測站,"二氧化硫<br />SO2<br />(ppb)","一氧化碳<br />CO<br />(ppm)","臭氧<br />O3<br />(ppb)","懸浮微粒<br />PM 10 <br />(μg/m 3 )","細懸浮微粒<br />PM 2.5 <br />(μg/m 3 )","氮氧化物<br />NOx<br />(ppb)","一氧化氮<br />NO<br />(ppb)","二氧化氮<br />NO2<br />(ppb)","總碳氫化合物<br />THC<br />(ppm)","非甲烷碳氫化合物<br />NMHC<br />(ppm)","甲烷<br />CH4<br />(ppm)","風速<br />WIND_SPEED<br />(m/sec)","小時風速值<br />WS_HR<br />(m/sec)","溫度<br />AMB_TEMP<br />(℃)","相對濕度<br />RH<br />(percent)"
1,臺北市,2018/12/31,中山,1.7,0.36,25.6,10.0,7,19,3.4,15.25,1.92,0.091,1.828,2.22,1.83,16.46,93.42
2,臺北市,2018/12/30,中山,0.9,0.36,27.1,15.0,7,19,3.74,15.16,1.91,0.085,1.823,2.5,2.09,15.2,90.52
3,臺北市,2018/12/29,中山,1.1,0.42,25.2,23.0,8,22,4.79,17.07,1.92,0.103,1.821,2.29,1.76,13.98,81.11
4,臺北市,2018/12/28,中山,1.1,0.51,24.4,21.0,9,26,6.84,19.57,1.96,0.122,1.833,2.39,1.8,15.16,84.71
5,臺北市,2018/12/27,中山,1.3,0.49,21.6,16.0,9,28,6.73,20.91,1.97,0.131,1.834,1.8,1.33,17.85,87.95
6,臺北市,2018/12/26,中山,1.5,0.7,13.4,24.0,9,38,12.55,25.84,2.14,0.234,1.91,1.17,0.86,20.47,93.75
7,臺北市,2018/12/25,中山,4.1,0.67,17.6,21.0,9,38,14.56,23.23,2.08,0.195,1.887,2.14,1.88,21.19,92.12
8,臺北市,2018/12/24,中山,2.3,0.47,27.6,16.0,6,25,5.38,19.85,1.92,0.115,1.806,2.76,2.27,17.46,93.12
9,臺北市,2018/12/23,中山,1.4,0.54,19.7,24.0,10,26,4.94,20.86,2.06,0.144,1.91,1.93,1.52,20.83,90.78
10,臺北市,2018/12/22,中山,5.3,0.88,21.2,59.0,27,52,18.55,33.12,2.31,0.304,2.008,1.27,0.89,23.25,78.53
11,臺北市,2018/12/21,中山,3.4,0.67,16.3,41.0,18,42,13.36,28.35,2.12,0.221,1.903,1.91,1.56,22.39,74.72
12,臺北市,2018/12/20,中山,3.2,0.78,22.6,46.0,18,48,11.27,36.35,2.19,0.251,1.935,1.31,0.85,21.07,64.33
13,臺北市,2018/12/19,中山,1.6,0.57,32.3,40.0,14,34,8.65,25.44,2.03,0.171,1.859,1.82,1.51,20.54,60.17
14,臺北市,2018/12/18,中山,3.3,0.57,27.0,50.0,17,40,10.18,29.94,2.06,0.177,1.879,2.2,1.79,17.38,62.48
15,臺北市,2018/12/17,中山,1.8,0.63,28.0,48.0,18,32,7.77,24.33,2.03,0.157,1.871,1.59,1.02,16.61,66.54
16,臺北市,2018/12/16,中山,2.9,0.57,18.2,33.0,15,29,7.78,20.79,2.12,0.184,1.934,1.33,0.93,20.52,82.48
17,臺北市,2018/12/15,中山,1.0,0.39,26.4,20.0,8,22,5.43,16.57,1.89,0.102,1.787,2.82,2.31,19.4,85.79
18,臺北市,2018/12/14,中山,1.8,0.48,26.0,17.0,10,26,6.85,19.49,1.9,0.109,1.79,2.77,2.41,17.73,91.52
19,臺北市,2018/12/13,中山,2.3,0.58,19.3,25.0,15,30,8.72,21.69,1.97,0.138,1.835,2.55,2.16,17.1,90.03
20,臺北市,2018/12/12,中山,1.9,0.62,18.6,27.0,15,31,9.6,21.4,1.98,0.14,1.843,2.28,1.74,16.38,82.79
21,臺北市,2018/12/11,中山,2.9,0.63,9.4,20.0,8,38,13.07,24.44,2.15,0.222,1.923,1.59,1.26,20.41,89.56
22,臺北市,2018/12/10,中山,1.2,0.62,12.6,17.0,5,38,14.8,22.73,2.13,0.206,1.922,1.58,1.32,20.88,93.88
23,臺北市,2018/12/09,中山,1.6,0.3,25.9,9.0,6,17,3.71,13.11,1.87,0.077,1.789,2.78,2.41,18.25,91.2
24,臺北市,2018/12/08,中山,1.1,0.35,25.5,9.0,7,18,4.57,13.54,1.86,0.08,1.78,3.03,2.53,18.41,86.42
25,臺北市,2018/12/07,中山,1.6,0.49,23.7,13.0,7,25,6.41,18.39,1.91,0.113,1.797,2.71,2.26,19.42,84.08
26,臺北市,2018/12/06,中山,3.3,0.7,20.6,35.0,14,38,9.86,27.82,2.2,0.25,1.95,1.67,1.26,23.98,79.31
27,臺北市,2018/12/05,中山,2.3,0.6,23.8,38.0,13,28,6.45,21.32,1.98,0.145,1.833,2.5,2.13,22.43,83.26
28,臺北市,2018/12/04,中山,2.0,0.7,21.7,36.0,14,40,11.88,28.09,2.12,0.251,1.873,1.54,1.12,24.59,67.75
29,臺北市,2018/12/03,中山,4.4,0.78,18.6,46.0,21,49,12.52,36.43,2.2,0.267,1.937,1.3,0.92,23.88,67.03
30,臺北市,2018/12/02,中山,2.3,0.49,22.6,33.0,14,31,6.31,24.53,2.03,0.169,1.861,1.58,1.32,25.0,63.89
31,臺北市,2018/12/01,中山,1.4,0.58,24.6,44.0,19,33,8.02,25.37,2.07,0.18,1.886,1.52,1.1,23.54,67.68
32,臺北市,2018/11/30,中山,1.7,0.59,28.9,53.0,18,36,8.83,26.75,1.98,0.153,1.83,2.54,2.07,22.91,62.41
33,臺北市,2018/11/29,中山,2.8,0.54,32.3,49.0,18,32,6.15,26.29,1.98,0.147,1.829,2.31,1.97,20.9,70.21
34,臺北市,2018/11/28,中山,1.5,0.54,23.0,34.0,12,36,7.82,28.03,2.02,0.172,1.849,1.6,1.33,20.11,81.45
35,臺北市,2018/11/27,中山,1.0,0.49,23.4,27.0,11,31,7.43,23.44,1.94,0.139,1.798,1.93,1.58,21.07,80.98
36,臺北市,2018/11/26,中山,2.2,0.71,9.5,29.0,13,50,21.56,28.91,2.14,0.238,1.898,1.16,0.88,21.28,86.1
37,臺北市,2018/11/25,中山,2.3,0.48,25.3,33.0,12,28,6.35,21.74,1.99,0.145,1.843,2.11,1.67,23.73,64.16
38,臺北市,2018/11/24,中山,1.4,0.39,27.1,23.0,10,22,4.53,17.41,1.89,0.101,1.785,2.46,2.09,21.56,81.96
39,臺北市,2018/11/23,中山,2.5,0.49,22.1,28.0,12,32,8.13,24.21,1.94,0.139,1.804,2.51,2.11,18.33,90.29
40,臺北市,2018/11/22,中山,1.4,0.56,22.9,23.0,9,28,5.85,21.66,1.99,0.142,1.849,1.75,1.38,19.39,85.8
41,臺北市,2018/11/21,中山,1.8,0.7,29.7,34.0,15,35,8.5,26.37,2.16,0.208,1.955,1.45,0.98,24.11,75.93
42,臺北市,2018/11/20,中山,1.8,0.56,27.2,28.0,10,29,6.76,22.02,2.0,0.139,1.856,2.59,2.2,22.61,73.97
43,臺北市,2018/11/19,中山,1.9,0.49,22.7,15.0,6,27,6.02,20.96,1.96,0.123,1.841,1.75,1.38,21.25,88.88
44,臺北市,2018/11/18,中山,3.9,0.55,28.7,29.0,11,27,6.6,19.95,2.03,0.148,1.885,1.64,1.11,24.39,84.61
45,臺北市,2018/11/17,中山,2.1,0.46,21.5,13.0,8,26,6.6,19.82,1.95,0.124,1.82,2.11,1.82,21.91,90.34
46,臺北市,2018/11/16,中山,2.3,0.57,22.3,31.0,15,34,9.9,24.2,2.01,0.164,1.845,1.71,1.33,24.79,76.65
47,臺北市,2018/11/15,中山,3.0,0.48,26.4,32.0,11,28,6.46,21.81,1.91,0.126,1.788,2.28,1.84,23.75,73.07
48,臺北市,2018/11/14,中山,2.9,0.45,30.8,35.0,11,26,4.98,20.94,1.91,0.111,1.794,2.68,2.29,22.05,64.95
49,臺北市,2018/11/13,中山,2.6,0.49,30.2,26.0,10,25,5.18,20.22,1.94,0.123,1.818,2.25,1.82,22.28,78.57
50,臺北市,2018/11/12,中山,3.4,0.67,16.5,48.0,25,33,7.88,25.27,2.13,0.212,1.919,1.61,1.11,24.26,80.71
51,臺北市,2018/11/11,中山,3.2,0.58,25.5,35.0,21,31,6.0,25.23,2.11,0.183,1.925,1.45,1.08,25.15,75.15
52,臺北市,2018/11/10,中山,1.0,0.44,24.6,28.0,13,24,5.29,18.42,1.92,0.116,1.808,2.52,2.17,24.27,82.7
53,臺北市,2018/11/09,中山,2.6,0.58,-,34.0,17,26,6.74,19.05,2.0,0.149,1.847,2.35,1.88,23.37,84.06
54,臺北市,2018/11/08,中山,6.5,0.83,17.2,80.0,43,50,12.9,36.76,2.25,0.322,1.925,1.34,0.92,25.73,79.93
55,臺北市,2018/11/07,中山,2.1,0.57,15.2,25.0,11,35,11.04,23.62,2.04,0.201,1.835,1.63,1.34,26.51,78.32
56,臺北市,2018/11/06,中山,3.6,0.47,17.4,12.0,7,27,9.15,18.16,1.91,0.141,1.767,2.32,2.01,25.4,82.79
57,臺北市,2018/11/05,中山,3.4,0.52,17.6,14.0,8,33,11.3,22.06,1.95,0.15,1.802,1.85,1.6,23.86,93.23
58,臺北市,2018/11/04,中山,1.0,0.43,20.8,14.0,7,23,4.97,17.57,1.96,0.124,1.836,1.62,1.29,24.48,86.88
59,臺北市,2018/11/03,中山,2.5,0.72,15.0,14.0,9,35,11.66,23.79,2.12,0.219,1.905,1.36,1.04,23.75,93.08
60,臺北市,2018/11/02,中山,2.1,0.45,21.8,14.0,8,28,7.63,20.44,1.9,0.124,1.773,2.55,2.11,21.49,96.34
61,臺北市,2018/11/01,中山,2.6,0.43,29.6,25.0,15,30,6.29,23.55,1.91,0.117,1.789,2.85,2.45,19.58,91.14
62,臺北市,2018/10/31,中山,1.1,0.45,39.8,25.0,14,25,3.74,20.87,1.9,0.114,1.787,2.55,2.2,20.45,86.85
63,臺北市,2018/10/30,中山,1.0,0.46,55.3,49.0,18,25,2.0,23.03,-,-,-,2.86,2.34,23.18,62.13
64,臺北市,2018/10/29,中山,2.5,0.59,36.1,52.0,17,38,6.62,31.44,2.07,0.189,1.877,1.91,1.44,22.01,52.68
65,臺北市,2018/10/28,中山,1.8,0.49,39.3,59.0,13,27,2.86,24.1,2.04,0.13,1.911,1.66,1.31,21.39,56.1
66,臺北市,2018/10/27,中山,2.0,0.51,46.4,73.0,23,21,2.4,18.9,1.98,0.108,1.868,1.81,1.03,23.03,57.85
67,臺北市,2018/10/26,中山,1.6,0.73,25.5,43.0,22,33,7.5,25.26,2.16,0.208,1.947,1.69,1.14,25.49,77.42
68,臺北市,2018/10/25,中山,3.0,0.54,25.5,36.0,15,30,5.99,23.55,1.98,0.141,1.839,2.08,1.69,25.52,76.63
69,臺北市,2018/10/24,中山,1.3,0.5,29.0,27.0,13,26,5.2,20.59,1.94,0.13,1.814,2.19,1.82,24.05,79.61
70,臺北市,2018/10/23,中山,1.5,0.6,16.5,25.0,15,32,6.64,25.55,2.11,0.212,1.9,1.42,1.14,23.64,81.32
71,臺北市,2018/10/21,中山,2.4,0.39,30.4,21.0,12,22,3.25,19.01,1.93,0.101,1.829,2.03,1.66,24.06,72.06
72,臺北市,2018/10/20,中山,1.6,0.41,34.2,28.0,10,23,3.55,19.46,1.93,0.113,1.813,2.39,2.0,22.68,71.48
73,臺北市,2018/10/19,中山,2.2,0.54,30.7,35.0,18,33,6.73,26.25,1.99,0.151,1.841,2.31,1.98,21.7,81.95
74,臺北市,2018/10/18,中山,2.2,0.58,42.7,41.0,20,28,3.81,24.26,2.01,0.138,1.87,2.32,1.88,23.38,74.88
75,臺北市,2018/10/17,中山,2.0,0.65,26.7,14.0,10,35,6.24,29.21,2.09,0.185,1.907,1.18,0.9,21.61,93.72
76,臺北市,2018/10/16,中山,2.3,0.6,22.3,20.0,8,32,7.14,24.44,2.11,0.191,1.918,1.4,1.13,24.68,85.4
77,臺北市,2018/10/15,中山,1.4,0.47,27.0,15.0,6,25,5.39,19.3,1.96,0.136,1.825,1.82,1.49,24.95,83.96
78,臺北市,2018/10/14,中山,0.8,0.35,32.5,15.0,10,18,2.52,15.01,1.9,0.085,1.815,2.32,2.03,23.74,87.49
79,臺北市,2018/10/13,中山,2.0,0.38,28.6,14.0,8,22,3.8,18.45,1.94,0.107,1.831,2.59,2.22,21.28,90.71
80,臺北市,2018/10/12,中山,1.5,0.48,20.9,14.0,7,32,7.26,25.19,1.98,0.14,1.838,1.98,1.72,20.03,93.21
81,臺北市,2018/10/11,中山,1.6,0.52,28.5,15.0,10,28,5.09,22.98,2.0,0.139,1.858,1.63,1.31,21.63,89.53
82,臺北市,2018/10/10,中山,1.7,0.46,36.6,28.0,20,22,2.3,20.19,1.97,0.112,1.861,1.72,1.49,23.75,86.35
83,臺北市,2018/10/09,中山,2.2,0.57,22.6,28.0,16,31,6.47,24.82,2.02,0.163,1.853,1.53,1.35,24.76,88.64
84,臺北市,2018/10/08,中山,2.9,0.57,21.3,21.0,10,32,7.32,24.27,2.04,0.157,1.887,1.47,1.22,24.43,87.65
85,臺北市,2018/10/07,中山,2.0,0.4,42.5,30.0,16,19,1.71,17.39,1.92,0.098,1.824,2.2,1.97,24.0,79.58
86,臺北市,2018/10/06,中山,2.4,0.47,44.7,44.0,17,23,2.68,20.74,1.99,0.127,1.864,2.37,1.97,25.7,69.84
87,臺北市,2018/10/05,中山,2.9,0.71,33.7,38.0,16,41,9.22,31.58,2.12,0.225,1.898,1.66,1.33,24.98,70.04
88,臺北市,2018/10/04,中山,1.4,0.52,32.6,29.0,11,31,7.3,23.5,2.02,0.155,1.863,1.62,1.19,22.94,79.23
89,臺北市,2018/10/03,中山,1.7,0.4,33.9,28.0,10,22,3.97,17.84,1.97,0.136,1.834,1.74,1.06,24.92,60.62
90,臺北市,2018/10/02,中山,2.3,0.46,47.0,41.0,14,24,4.2,19.43,1.97,0.121,1.844,2.1,1.56,25.2,53.6
91,臺北市,2018/10/01,中山,2.4,0.57,47.3,62.0,28,30,4.73,24.96,2.07,0.16,1.913,2.19,1.67,25.92,58.25
92,臺北市,2018/09/30,中山,1.0,0.6,34.4,48.0,22,30,5.06,25.3,2.16,0.181,1.983,1.49,0.98,24.56,66.55
93,臺北市,2018/09/29,中山,2.2,0.58,28.1,37.0,13,30,5.06,24.47,2.07,0.178,1.893,1.53,1.11,24.1,75.96
94,臺北市,2018/09/28,中山,1.9,0.43,27.4,29.0,13,24,6.25,17.27,1.94,0.128,1.808,1.96,1.39,25.48,84.27
95,臺北市,2018/09/27,中山,1.5,0.4,25.5,29.0,11,19,3.58,15.76,1.97,0.136,1.838,1.83,1.48,25.77,83.27
96,臺北市,2018/09/26,中山,2.6,0.62,24.3,30.0,13,34,7.44,26.1,2.07,0.202,1.872,1.27,0.7,24.97,86.08
97,臺北市,2018/09/25,中山,2.1,0.37,38.9,35.0,13,18,3.23,14.93,1.85,0.089,1.762,1.99,0.88,27.65,71.37
98,臺北市,2018/09/24,中山,0.5,0.31,31.0,20.0,11,15,2.79,12.11,1.85,0.07,1.781,1.68,0.83,26.97,81.55
99,臺北市,2018/09/23,中山,2.7,0.32,13.2,19.0,12,19,5.09,13.65,1.88,0.138,1.744,1.92,1.56,28.88,78.49
100,臺北市,2018/09/22,中山,2.6,0.46,22.1,32.0,22,25,5.47,19.97,1.98,0.174,1.802,1.82,1.46,29.55,72.81
101,臺北市,2018/09/21,中山,2.5,0.52,24.7,41.0,27,29,6.51,22.53,1.99,0.178,1.81,1.72,1.37,29.89,72.4
102,臺北市,2018/09/20,中山,3.9,0.56,32.2,37.0,28,30,7.27,22.54,1.99,0.168,1.819,1.68,1.31,30.05,66.25
103,臺北市,2018/09/19,中山,1.6,0.31,9.8,14.0,10,19,8.78,10.04,1.84,0.11,1.728,2.95,2.54,30.61,62.72
104,臺北市,2018/09/18,中山,1.7,0.39,13.2,25.0,14,23,8.67,13.86,1.89,0.139,1.749,2.36,1.79,31.13,66.53
105,臺北市,2018/09/17,中山,1.5,0.49,25.2,26.0,11,25,6.63,18.07,1.94,0.15,1.793,1.7,1.17,31.5,65.09
106,臺北市,2018/09/16,中山,2.5,0.25,15.4,19.0,9,11,3.86,7.27,1.76,0.062,1.698,3.95,3.68,30.06,71.45
107,臺北市,2018/09/15,中山,1.5,0.25,9.4,22.0,9,16,7.35,8.68,1.77,0.073,1.695,3.81,3.15,29.06,79.9
108,臺北市,2018/09/14,中山,1.9,0.34,8.5,23.0,8,21,10.73,9.86,1.82,0.107,1.716,2.64,2.18,29.66,74.08
109,臺北市,2018/09/13,中山,4.2,0.34,7.4,14.0,9,22,11.71,9.91,1.85,0.112,1.733,2.6,2.28,30.63,65.46
110,臺北市,2018/09/12,中山,2.6,0.59,21.0,33.0,17,29,9.25,19.88,2.05,0.195,1.851,1.62,1.23,29.75,72.53
111,臺北市,2018/09/11,中山,1.0,0.43,15.2,13.0,9,23,8.07,14.77,1.88,0.126,1.756,2.27,1.95,30.25,68.28
112,臺北市,2018/09/10,中山,3.4,0.44,26.3,13.0,6,24,5.95,18.57,1.91,0.12,1.787,2.08,1.8,25.95,85.68
113,臺北市,2018/09/09,中山,2.3,0.42,22.1,15.0,9,24,5.21,18.33,2.01,0.128,1.881,1.41,0.95,24.77,91.64
114,臺北市,2018/09/08,中山,1.3,0.49,18.5,27.0,10,29,7.2,22.0,2.06,0.171,1.887,1.51,1.13,27.48,84.59
115,臺北市,2018/09/07,中山,4.0,0.7,21.4,41.0,22,37,12.05,25.21,2.15,0.257,1.89,1.71,1.15,29.16,80.06
116,臺北市,2018/09/06,中山,2.4,0.53,26.4,41.0,22,25,4.83,20.27,2.04,0.187,1.852,1.6,1.13,30.21,73.66
117,臺北市,2018/09/05,中山,3.0,0.5,21.3,37.0,20,26,4.2,21.51,1.98,0.161,1.823,1.76,1.34,30.31,70.75
118,臺北市,2018/09/04,中山,2.8,0.54,25.3,35.0,19,29,7.04,21.58,2.03,0.192,1.836,1.94,1.33,31.55,64.85
119,臺北市,2018/09/03,中山,3.5,0.58,17.4,32.0,17,29,9.2,19.83,2.01,0.197,1.813,1.82,1.35,30.59,64.77
120,臺北市,2018/09/01,中山,2.8,0.57,24.0,37.0,20,27,4.54,22.88,2.07,0.206,1.867,1.45,1.25,28.05,78.19
121,臺北市,2018/08/31,中山,1.3,0.48,15.9,22.0,9,26,6.51,19.23,1.97,0.167,1.805,1.7,1.27,27.65,77.78
122,臺北市,2018/08/30,中山,2.3,0.68,8.5,26.0,11,38,14.39,24.08,2.16,0.246,1.917,1.26,0.97,26.98,83.66
123,臺北市,2018/08/29,中山,2.1,0.63,13.2,22.0,12,33,10.87,22.42,2.08,0.234,1.846,1.37,0.9,28.05,80.53
124,臺北市,2018/08/28,中山,2.8,0.61,9.6,18.0,8,35,12.5,22.48,2.08,0.229,1.853,1.38,0.79,27.89,81.28
125,臺北市,2018/08/27,中山,1.7,0.62,26.7,21.0,10,28,6.48,21.55,2.11,0.194,1.912,1.41,0.97,28.55,78.41
126,臺北市,2018/08/26,中山,1.5,0.49,26.6,17.0,12,20,3.64,16.6,2.05,0.137,1.914,1.54,1.18,29.08,79.96
127,臺北市,2018/08/25,中山,1.6,0.51,21.4,-,10,23,5.36,17.43,2.08,0.153,1.924,1.72,1.31,29.66,76.7
128,臺北市,2018/08/24,中山,3.2,0.56,18.7,-,7,32,7.92,24.01,2.02,0.185,1.836,1.53,1.12,28.44,82.88
129,臺北市,2018/08/23,中山,2.4,0.35,19.9,19.0,8,20,5.89,14.08,1.86,0.102,1.753,2.53,2.08,30.45,74.24
130,臺北市,2018/08/22,中山,3.0,0.45,14.0,25.0,11,24,6.17,17.63,1.99,0.157,1.833,2.02,1.57,30.87,70.53
131,臺北市,2018/08/21,中山,2.3,0.63,16.2,27.0,15,31,7.58,23.25,2.12,0.213,1.91,1.36,1.1,29.58,77.45
132,臺北市,2018/08/20,中山,2.8,0.59,18.9,24.0,10,29,5.44,23.33,2.12,0.198,1.926,1.41,1.09,29.15,78.89
133,臺北市,2018/08/19,中山,2.9,0.52,20.0,23.0,12,24,6.01,18.27,2.08,0.179,1.901,1.53,0.96,28.85,80.36
134,臺北市,2018/08/18,中山,2.3,0.57,17.9,28.0,11,27,6.15,20.41,2.11,0.174,1.932,1.66,1.22,29.39,78.31
135,臺北市,2018/08/17,中山,3.2,0.65,19.9,27.0,17,32,8.91,22.97,2.12,0.221,1.9,1.66,1.03,30.17,74.55
136,臺北市,2018/08/16,中山,4.6,0.81,17.6,34.0,18,41,13.79,27.56,2.19,0.273,1.919,1.8,1.25,30.8,69.34
137,臺北市,2018/08/15,中山,3.8,0.81,14.6,24.0,11,40,13.47,26.79,2.24,0.246,1.993,1.58,1.1,29.78,75.69
138,臺北市,2018/08/14,中山,2.3,0.64,14.8,18.0,9,31,10.2,20.95,2.11,0.186,1.92,1.46,1.11,28.52,84.26
139,臺北市,2018/08/13,中山,2.8,0.48,17.9,29.0,-,23,7.36,16.12,1.99,0.136,1.857,1.84,1.44,30.5,73.56
140,臺北市,2018/08/12,中山,3.2,0.63,23.2,36.0,-,25,5.19,20.06,2.09,0.172,1.915,1.62,0.95,29.61,79.36
141,臺北市,2018/08/11,中山,3.8,0.48,22.6,44.0,26,25,6.59,18.22,2.06,0.165,1.899,1.8,1.18,31.23,69.9
142,臺北市,2018/08/10,中山,3.6,0.55,23.2,40.0,23,32,8.13,23.77,2.04,0.182,1.853,1.76,1.29,30.95,67.55
143,臺北市,2018/08/09,中山,4.0,0.46,20.3,30.0,18,25,6.87,18.04,1.97,0.159,1.811,1.86,1.28,30.56,68.15
144,臺北市,2018/08/08,中山,2.7,0.37,13.6,21.0,13,19,7.23,12.22,1.83,0.101,1.73,2.24,1.77,31.15,67.04
145,臺北市,2018/08/07,中山,3.3,0.36,12.0,17.0,13,22,8.77,13.18,1.88,0.114,1.769,2.03,1.41,31.4,64.23
146,臺北市,2018/08/06,中山,3.2,0.45,19.6,29.0,14,24,7.99,16.15,1.97,0.149,1.819,2.07,1.48,31.3,67.11
147,臺北市,2018/08/05,中山,4.0,0.45,18.9,26.0,13,22,6.85,15.45,2.0,0.153,1.847,1.48,1.0,31.22,69.38
148,臺北市,2018/08/04,中山,0.8,0.58,20.0,32.0,17,28,6.22,21.96,2.09,0.207,1.884,1.56,1.04,30.01,74.33
149,臺北市,2018/08/03,中山,1.8,0.61,20.1,29.0,14,34,8.77,24.94,2.09,0.216,1.878,1.58,1.02,30.25,73.54
150,臺北市,2018/08/02,中山,3.7,0.64,24.1,39.0,18,30,6.93,23.07,2.09,0.23,1.864,2.12,1.41,32.54,64.03
151,臺北市,2018/08/01,中山,4.2,0.56,24.7,51.0,22,26,5.55,20.07,2.03,0.19,1.844,2.28,1.78,32.08,70.97
152,臺北市,2018/07/31,中山,4.2,0.6,21.7,44.0,21,33,9.66,23.15,2.09,0.211,1.876,2.0,1.42,32.48,64.01
153,臺北市,2018/07/30,中山,3.4,0.48,22.4,41.0,22,26,6.64,18.98,1.99,0.156,1.836,2.19,1.7,31.78,69.73
154,臺北市,2018/07/29,中山,3.5,0.39,26.5,34.0,20,17,3.71,13.67,1.91,0.111,1.8,2.04,1.59,31.77,66.7
155,臺北市,2018/07/28,中山,2.2,0.48,22.7,42.0,20,23,4.74,18.74,1.98,0.162,1.82,1.69,1.1,30.69,70.78
156,臺北市,2018/07/27,中山,5.5,0.57,11.8,36.0,18,34,13.61,20.31,2.04,0.207,1.827,1.66,1.07,30.53,73.14
157,臺北市,2018/07/26,中山,3.2,0.46,21.0,38.0,17,25,6.88,18.14,1.98,0.16,1.817,1.77,1.31,31.11,70.77
158,臺北市,2018/07/25,中山,2.3,0.48,13.7,33.0,18,24,6.52,17.11,2.03,0.165,1.864,1.56,1.13,30.38,74.26
159,臺北市,2018/07/24,中山,3.4,0.74,17.1,39.0,19,38,9.52,28.17,2.27,0.299,1.966,1.36,0.9,29.82,77.7
160,臺北市,2018/07/23,中山,3.7,0.69,18.7,39.0,19,36,8.02,28.38,2.18,0.252,1.927,1.36,1.0,30.1,73.16
161,臺北市,2018/07/22,中山,2.1,0.5,16.0,24.0,11,26,8.05,17.85,2.02,0.16,1.86,1.42,0.89,29.4,79.22
162,臺北市,2018/07/21,中山,2.8,0.43,9.3,25.0,14,24,10.42,13.49,1.96,0.147,1.81,1.5,1.06,28.73,82.93
163,臺北市,2018/07/20,中山,2.1,0.33,8.0,18.0,8,19,9.86,9.51,1.82,0.096,1.719,2.53,2.09,30.26,70.9
164,臺北市,2018/07/19,中山,3.7,0.31,6.6,18.0,9,20,10.88,8.87,1.81,0.103,1.707,2.59,1.97,30.85,71.63
165,臺北市,2018/07/18,中山,2.0,0.32,5.5,14.0,7,20,13.4,6.68,1.82,0.103,1.712,3.15,2.55,31.43,64.53
166,臺北市,2018/07/17,中山,2.1,0.29,6.5,15.0,6,16,9.25,7.03,1.81,0.096,1.711,3.73,3.37,31.53,64.96
167,臺北市,2018/07/16,中山,1.9,0.33,7.3,15.0,9,18,9.92,7.98,1.82,0.104,1.719,3.27,2.87,30.39,70.92
168,臺北市,2018/07/15,中山,0.6,0.21,9.6,15.0,10,12,5.18,6.43,1.8,0.063,1.733,3.59,3.15,30.78,60.25
169,臺北市,2018/07/14,中山,1.3,0.22,9.7,14.0,5,11,5.38,5.86,1.8,0.07,1.734,3.97,3.36,31.25,60.28
170,臺北市,2018/07/13,中山,1.4,0.26,11.9,13.0,9,14,6.59,7.59,1.8,0.079,1.723,3.72,3.28,31.36,61.31
171,臺北市,2018/07/12,中山,1.2,0.38,11.8,20.0,11,23,11.03,12.01,1.96,0.132,1.823,2.82,2.25,30.41,69.31
172,臺北市,2018/07/11,中山,3.1,0.46,9.9,24.0,9,27,11.13,16.14,1.95,0.13,1.818,2.22,1.61,28.34,85.0
173,臺北市,2018/07/10,中山,1.9,0.32,8.0,24.0,8,19,9.52,9.36,1.88,0.11,1.774,2.37,1.74,28.58,81.11
174,臺北市,2018/07/09,中山,2.3,0.33,8.2,18.0,7,20,9.56,10.46,1.87,0.113,1.759,2.54,2.14,31.13,62.25
175,臺北市,2018/07/08,中山,2.9,0.41,14.3,20.0,10,22,7.12,14.89,1.97,0.136,1.833,1.61,1.08,30.15,69.18
176,臺北市,2018/07/07,中山,2.1,0.56,15.4,27.0,11,29,6.42,23.02,2.09,0.218,1.875,1.45,1.07,29.15,75.8
177,臺北市,2018/07/06,中山,1.9,0.56,14.0,24.0,12,33,11.64,21.06,2.05,0.208,1.838,1.82,1.27,31.28,63.48
178,臺北市,2018/07/05,中山,3.3,0.73,7.4,25.0,12,40,18.49,21.03,2.12,0.283,1.841,1.69,1.15,31.13,62.16
179,臺北市,2018/07/04,中山,2.4,0.61,12.2,25.0,13,31,13.43,17.57,1.98,0.195,1.788,2.38,1.58,32.51,55.08
180,臺北市,2018/07/03,中山,2.1,0.6,14.9,27.0,13,29,12.0,17.06,1.99,0.188,1.797,2.39,1.68,32.19,58.07
181,臺北市,2018/07/02,中山,3.6,0.58,19.3,25.0,10,28,10.12,18.16,2.0,0.186,1.814,2.2,1.48,32.38,58.87
182,臺北市,2018/07/01,中山,3.3,0.51,20.2,30.0,13,24,7.0,16.87,2.04,0.158,1.877,2.23,1.47,30.47,69.38
183,臺北市,2018/06/30,中山,4.8,0.48,22.2,36.0,21,28,7.19,21.28,2.01,0.173,1.831,1.67,1.1,29.71,72.45
184,臺北市,2018/06/29,中山,2.6,0.53,15.9,33.0,11,30,6.94,22.66,2.05,0.204,1.841,1.9,1.42,29.94,72.7
185,臺北市,2018/06/28,中山,3.2,0.49,27.6,32.0,13,24,4.96,18.97,2.0,0.185,1.813,2.07,1.44,31.58,64.35
186,臺北市,2018/06/27,中山,3.5,0.46,22.6,34.0,11,28,7.47,20.09,1.97,0.172,1.802,1.95,1.36,31.17,62.55
187,臺北市,2018/06/26,中山,3.7,0.56,26.1,53.0,14,26,6.41,19.77,2.02,0.177,1.847,1.74,1.27,30.68,70.43
188,臺北市,2018/06/25,中山,5.1,0.48,23.7,44.0,14,26,4.69,20.82,1.97,0.148,1.825,1.98,1.49,30.49,73.33
189,臺北市,2018/06/24,中山,3.5,0.43,15.7,30.0,10,23,6.4,16.96,1.98,0.144,1.84,1.8,1.45,29.89,73.08
190,臺北市,2018/06/23,中山,1.5,0.61,11.7,27.0,11,33,10.99,21.86,2.08,0.21,1.866,1.71,1.18,29.77,73.58
191,臺北市,2018/06/22,中山,2.0,0.62,13.9,28.0,11,35,9.13,25.59,2.09,0.206,1.886,1.76,1.22,28.95,78.85
192,臺北市,2018/06/21,中山,2.3,0.57,15.2,24.0,9,30,7.53,22.41,2.04,0.2,1.835,1.58,1.18,29.91,71.95
193,臺北市,2018/06/20,中山,3.2,0.75,8.5,19.0,6,40,18.85,21.6,2.2,0.27,1.933,1.5,1.03,30.73,65.21
194,臺北市,2018/06/19,中山,3.6,0.61,12.3,19.0,6,31,12.38,18.7,2.07,0.201,1.872,1.82,1.18,29.82,70.53
195,臺北市,2018/06/18,中山,3.4,0.4,14.5,20.0,9,22,5.5,16.54,2.0,0.132,1.865,1.68,1.28,29.07,78.0
196,臺北市,2018/06/17,中山,3.5,0.38,24.3,18.0,9,20,4.17,15.71,1.93,0.106,1.825,1.9,1.35,28.69,77.19
197,臺北市,2018/06/16,中山,1.1,0.41,26.8,35.0,10,21,5.06,15.57,2.01,0.131,1.875,1.92,1.45,26.88,77.04
198,臺北市,2018/06/15,中山,1.7,0.63,24.2,19.0,5,35,8.5,26.94,2.13,0.232,1.902,1.6,1.22,25.28,90.08
199,臺北市,2018/06/14,中山,1.7,0.36,32.0,18.0,6,19,3.32,15.4,1.9,0.099,1.802,2.84,2.32,26.7,82.95
200,臺北市,2018/06/13,中山,1.7,0.56,57.2,51.0,15,23,3.04,20.14,2.04,0.127,1.911,2.86,2.5,28.54,57.46
201,臺北市,2018/06/12,中山,3.0,0.66,46.4,57.0,18,31,4.22,26.31,2.21,0.174,2.032,2.29,1.83,28.63,57.16
202,臺北市,2018/06/11,中山,3.8,0.56,21.8,30.0,13,29,7.01,21.72,2.07,0.167,1.901,1.62,1.23,26.35,86.45
203,臺北市,2018/06/10,中山,2.7,0.34,13.7,23.0,10,21,6.76,13.83,1.91,0.103,1.811,1.73,1.38,28.16,81.36
204,臺北市,2018/06/09,中山,1.8,0.3,12.3,21.0,8,17,7.12,10.38,1.84,0.084,1.76,2.55,2.15,29.22,74.33
205,臺北市,2018/06/08,中山,3.5,0.36,9.4,26.0,9,23,10.42,12.67,1.85,0.109,1.739,2.63,2.08,30.54,74.29
206,臺北市,2018/06/07,中山,3.8,0.39,15.3,24.0,11,23,8.74,13.87,1.86,0.113,1.751,2.63,2.14,29.92,75.45
207,臺北市,2018/06/06,中山,2.6,0.5,22.4,31.0,19,26,5.28,20.54,1.97,0.15,1.823,1.8,1.4,28.95,79.2
208,臺北市,2018/06/05,中山,3.1,0.53,27.0,34.0,19,28,6.47,21.39,-,-,-,1.59,1.1,30.0,72.72
209,臺北市,2018/06/04,中山,4.4,0.44,29.4,28.0,17,24,5.0,19.3,-,-,-,2.28,1.81,28.72,76.03
210,臺北市,2018/06/03,中山,1.4,0.38,33.6,30.0,18,15,2.3,13.19,1.97,0.094,1.873,2.1,1.7,27.3,79.76
211,臺北市,2018/06/02,中山,2.0,0.38,44.4,35.0,17,19,2.52,16.04,1.94,0.087,1.854,2.38,2.02,25.53,73.79
212,臺北市,2018/06/01,中山,2.2,0.46,47.2,23.0,12,23,3.44,19.25,1.96,0.106,1.856,2.7,2.25,25.28,79.03
213,臺北市,2018/05/31,中山,2.6,0.53,22.9,33.0,21,26,7.34,18.77,2.05,0.181,1.87,2.14,1.62,30.42,71.75
214,臺北市,2018/05/30,中山,3.9,0.53,30.1,35.0,23,27,4.87,21.8,2.08,0.202,1.876,1.82,1.45,29.96,72.92
215,臺北市,2018/05/29,中山,2.4,0.53,27.0,43.0,22,29,6.3,22.33,2.06,0.193,1.867,1.91,1.31,30.39,71.88
216,臺北市,2018/05/28,中山,3.4,0.46,20.1,39.0,22,25,6.69,18.79,1.99,0.16,1.832,2.1,1.57,30.7,71.09
217,臺北市,2018/05/27,中山,2.6,0.4,28.0,37.0,20,23,5.08,17.84,1.98,0.131,1.846,2.0,1.43,30.92,66.5
218,臺北市,2018/05/26,中山,3.8,0.63,19.6,44.0,19,36,11.22,24.83,2.13,0.227,1.903,1.8,1.19,30.96,65.99
219,臺北市,2018/05/25,中山,3.8,0.7,23.0,49.0,25,35,10.34,24.47,2.17,0.243,1.925,1.84,1.35,29.67,70.39
220,臺北市,2018/05/24,中山,5.6,0.59,36.7,52.0,18,32,5.59,26.27,2.03,0.159,1.868,1.89,1.5,27.46,66.94
221,臺北市,2018/05/23,中山,3.6,0.66,23.8,45.0,23,33,8.52,24.09,2.18,0.217,1.964,2.4,1.77,27.45,73.15
222,臺北市,2018/05/22,中山,6.9,0.6,29.0,49.0,30,33,7.19,26.22,2.1,0.2,1.898,1.76,1.47,29.6,63.52
223,臺北市,2018/05/21,中山,2.5,0.49,25.2,31.0,17,25,6.07,19.41,1.96,0.134,1.822,1.98,1.51,29.21,68.99
224,臺北市,2018/05/20,中山,5.0,0.44,20.5,40.0,24,23,5.72,17.68,2.01,0.139,1.866,2.03,1.51,30.11,71.97
225,臺北市,2018/05/19,中山,5.1,0.47,25.6,47.0,28,26,3.66,22.54,2.01,0.151,1.859,1.74,1.36,29.63,74.09
226,臺北市,2018/05/18,中山,4.5,0.55,27.2,46.0,24,31,5.19,25.46,2.09,0.196,1.898,1.72,1.27,30.8,69.68
227,臺北市,2018/05/17,中山,4.8,0.55,18.6,45.0,22,31,7.86,23.34,2.11,0.207,1.9,1.76,1.4,30.64,73.41
228,臺北市,2018/05/16,中山,4.1,0.58,18.9,47.0,23,31,7.29,24.03,2.13,0.208,1.917,1.77,1.35,29.63,75.11
229,臺北市,2018/05/15,中山,4.7,0.71,22.7,57.0,33,34,6.12,27.54,2.22,0.237,1.982,1.59,1.22,28.79,74.93
230,臺北市,2018/05/14,中山,4.3,0.66,28.1,51.0,29,31,6.76,23.89,2.2,0.196,2.002,1.64,1.07,28.88,71.11
231,臺北市,2018/05/13,中山,3.6,0.58,30.8,49.0,28,26,3.25,22.46,2.18,0.167,2.013,1.74,1.37,28.65,70.29
232,臺北市,2018/05/12,中山,5.0,0.61,31.6,45.0,26,31,4.14,27.04,2.18,0.195,1.988,1.65,1.13,27.43,69.65
233,臺北市,2018/05/11,中山,1.8,0.48,29.4,37.0,15,29,5.73,23.48,2.03,0.147,1.882,1.92,1.63,26.15,62.95
234,臺北市,2018/05/10,中山,3.6,0.38,39.0,53.0,13,24,4.83,19.06,1.99,0.101,1.884,2.55,1.99,23.61,63.82
235,臺北市,2018/05/09,中山,1.6,0.42,37.8,32.0,12,24,4.62,19.11,1.99,0.104,1.883,2.2,1.78,23.35,70.4
236,臺北市,2018/05/08,中山,2.0,0.59,28.3,22.0,10,29,8.04,21.44,2.09,0.177,1.914,2.27,1.65,25.5,79.06
237,臺北市,2018/05/07,中山,5.0,0.7,10.3,36.0,17,40,11.37,28.46,2.21,0.224,1.983,1.54,1.14,28.96,73.53
238,臺北市,2018/05/06,中山,2.7,0.59,30.3,44.0,21,26,4.49,21.15,2.13,0.161,1.973,1.63,1.12,28.11,70.23
239,臺北市,2018/05/05,中山,1.9,0.6,41.7,42.0,20,29,2.89,26.18,2.13,0.163,1.965,1.3,0.98,26.87,66.89
240,臺北市,2018/05/04,中山,0.6,0.41,41.7,33.0,13,21,3.0,18.49,1.98,0.105,1.873,2.99,2.57,24.39,62.75
241,臺北市,2018/05/03,中山,2.7,0.55,48.0,56.0,31,-,-,-,2.1,0.144,1.951,2.68,2.14,22.7,74.82
242,臺北市,2018/05/02,中山,3.2,0.63,22.1,47.0,27,32,7.59,24.41,2.08,0.192,1.885,1.86,1.37,28.84,72.16
243,臺北市,2018/05/01,中山,3.9,0.68,25.1,49.0,30,30,4.68,24.84,2.16,0.187,1.968,1.5,1.2,27.77,74.18
244,臺北市,2018/04/30,中山,3.5,0.75,28.4,47.0,26,34,7.7,26.39,2.18,0.198,1.984,1.57,1.19,26.98,75.27
245,臺北市,2018/04/29,中山,3.0,0.65,45.4,55.0,34,26,2.08,23.77,2.15,0.153,1.994,1.56,1.19,26.23,74.73
246,臺北市,2018/04/28,中山,0.6,0.54,50.7,46.0,23,23,2.23,20.35,2.02,0.122,1.895,2.16,1.78,24.62,71.77
247,臺北市,2018/04/27,中山,4.3,0.77,29.4,47.0,24,40,7.59,32.15,2.21,0.215,1.993,1.67,1.26,24.09,74.37
248,臺北市,2018/04/26,中山,3.8,0.51,46.5,39.0,20,27,3.56,23.71,2.02,0.127,1.89,2.43,2.09,23.18,66.78
249,臺北市,2018/04/25,中山,2.6,0.53,45.1,45.0,21,25,3.33,21.23,2.0,0.118,1.878,2.41,2.0,21.26,69.73
250,臺北市,2018/04/24,中山,0.7,0.6,18.3,24.0,14,29,7.08,22.2,2.13,0.195,1.938,2.09,1.71,23.54,83.89
251,臺北市,2018/04/23,中山,3.3,0.61,23.0,31.0,19,29,5.56,23.08,2.13,0.194,1.935,1.7,1.25,28.29,68.53
252,臺北市,2018/04/22,中山,1.5,0.65,26.8,46.0,24,30,5.42,24.22,2.2,0.185,2.01,1.42,0.9,27.78,66.78
253,臺北市,2018/04/21,中山,2.0,0.62,37.8,53.0,30,28,3.47,24.93,2.12,0.172,1.946,1.59,1.08,26.49,67.34
254,臺北市,2018/04/20,中山,1.2,0.44,31.1,45.0,14,24,6.76,17.64,1.99,0.117,1.872,2.56,2.16,25.14,65.76
255,臺北市,2018/04/19,中山,0.6,0.52,32.5,53.0,16,27,5.25,21.41,2.09,0.147,1.943,2.06,1.56,24.51,65.95
256,臺北市,2018/04/18,中山,4.6,0.49,38.9,54.0,18,29,3.28,25.29,2.02,0.127,1.895,2.34,1.82,20.58,70.65
257,臺北市,2018/04/17,中山,2.2,0.57,33.7,48.0,17,36,5.56,30.35,2.05,0.153,1.895,2.07,1.77,17.6,83.59
258,臺北市,2018/04/16,中山,3.0,0.45,43.2,91.0,19,27,5.49,21.24,1.97,0.104,1.868,3.05,2.49,19.78,64.84
259,臺北市,2018/04/15,中山,0.7,0.41,37.6,66.0,17,19,4.28,15.05,1.97,0.089,1.881,2.7,2.15,19.55,83.38
260,臺北市,2018/04/14,中山,3.0,0.79,5.4,40.0,20,46,19.03,27.06,2.27,0.275,1.993,1.23,0.84,26.35,85.29
261,臺北市,2018/04/13,中山,3.2,0.84,22.9,41.0,23,44,12.8,31.42,2.3,0.273,2.028,1.43,0.94,27.13,76.58
262,臺北市,2018/04/12,中山,3.5,0.94,12.0,46.0,27,53,20.55,32.78,2.39,0.358,2.036,1.25,0.87,25.54,80.16
263,臺北市,2018/04/11,中山,5.3,0.81,28.9,56.0,25,42,9.17,32.6,2.26,0.259,1.997,1.47,1.02,25.8,65.35
264,臺北市,2018/04/10,中山,2.6,0.61,41.5,54.0,22,36,4.71,31.65,2.12,0.185,1.938,1.61,1.33,23.69,58.54
265,臺北市,2018/04/09,中山,1.7,0.56,33.6,41.0,15,32,6.25,25.65,2.08,0.15,1.932,1.62,1.09,22.33,59.03
266,臺北市,2018/04/08,中山,1.9,0.43,44.0,67.0,16,20,2.26,17.3,2.02,0.099,1.921,2.35,2.1,19.65,55.43
267,臺北市,2018/04/07,中山,1.3,0.43,41.7,144.0,28,19,2.26,16.81,2.0,0.095,1.907,1.61,1.19,15.91,63.73
268,臺北市,2018/04/06,中山,2.7,0.48,24.0,56.0,19,21,4.4,16.43,2.07,0.126,1.941,1.86,1.43,20.65,74.29
269,臺北市,2018/04/05,中山,2.1,0.48,26.8,43.0,22,24,5.27,18.53,2.08,0.134,1.944,1.6,1.21,25.95,67.88
270,臺北市,2018/04/04,中山,2.9,0.57,28.6,54.0,25,29,6.89,22.6,2.13,0.167,1.965,1.44,1.1,25.3,69.6
271,臺北市,2018/04/03,中山,2.0,0.64,25.1,68.0,29,36,10.98,24.84,2.13,0.183,1.951,1.74,1.27,25.08,69.23
272,臺北市,2018/04/02,中山,3.0,0.58,39.1,81.0,30,27,5.99,20.97,2.1,0.151,1.949,1.79,1.24,24.98,63.73
273,臺北市,2018/04/01,中山,0.6,0.38,38.9,72.0,24,18,3.86,13.73,1.96,0.089,1.875,2.24,1.8,25.06,53.07
274,臺北市,2018/03/31,中山,2.7,0.43,29.8,47.0,19,23,5.75,17.29,2.0,0.124,1.877,2.65,2.21,24.23,61.32
275,臺北市,2018/03/30,中山,1.6,0.45,25.2,32.0,12,25,6.65,18.14,1.98,0.125,1.856,2.46,1.98,24.09,62.9
276,臺北市,2018/03/29,中山,1.0,0.41,26.7,31.0,13,22,6.21,15.29,1.98,0.123,1.852,2.64,2.24,25.39,58.51
277,臺北市,2018/03/28,中山,3.3,0.5,26.9,31.0,15,27,7.59,19.59,2.02,0.128,1.889,1.92,1.47,23.77,71.74
278,臺北市,2018/03/27,中山,1.6,0.65,20.0,47.0,22,36,8.96,27.08,2.19,0.204,1.983,1.44,0.92,22.03,72.38
279,臺北市,2018/03/26,中山,3.0,0.6,38.7,61.0,25,31,6.14,25.22,2.13,0.174,1.952,1.84,1.32,23.16,57.56
280,臺北市,2018/03/25,中山,1.0,0.39,45.6,57.0,17,17,2.21,14.94,1.98,0.086,1.893,2.83,2.43,22.87,51.06
281,臺北市,2018/03/24,中山,0.6,0.5,49.5,57.0,23,21,2.75,17.93,2.05,0.117,1.929,2.54,2.17,21.66,52.38
282,臺北市,2018/03/23,中山,2.6,0.59,28.9,43.0,18,36,9.02,27.16,2.13,0.176,1.957,1.76,1.22,18.84,54.39
283,臺北市,2018/03/22,中山,2.1,0.56,28.2,29.0,12,32,7.41,24.47,2.07,0.151,1.914,2.11,1.69,15.81,60.76
284,臺北市,2018/03/21,中山,0.8,0.63,28.5,18.0,10,28,8.13,20.36,2.06,0.141,1.916,2.05,1.51,15.76,69.72
285,臺北市,2018/03/20,中山,2.0,0.58,20.9,27.0,15,30,7.46,22.37,2.11,0.161,1.946,1.91,1.33,19.56,89.54
286,臺北市,2018/03/19,中山,2.2,0.94,24.5,61.0,31,46,13.87,31.66,2.4,0.281,2.123,1.6,1.11,24.4,75.2
287,臺北市,2018/03/18,中山,2.8,0.74,22.9,53.0,19,42,12.94,28.66,2.31,0.216,2.097,1.43,1.14,22.81,78.63
288,臺北市,2018/03/17,中山,2.4,0.48,34.3,31.0,14,23,3.9,18.81,2.0,0.11,1.89,2.52,2.12,19.97,84.45
289,臺北市,2018/03/16,中山,2.1,0.74,18.7,33.0,15,39,11.39,27.76,2.27,0.24,2.029,1.65,1.18,20.67,83.25
290,臺北市,2018/03/15,中山,3.5,0.86,16.9,48.0,24,47,15.49,31.92,2.37,0.305,2.061,1.41,0.94,22.52,73.45
291,臺北市,2018/03/14,中山,2.1,0.87,16.9,44.0,23,53,21.13,32.16,2.4,0.31,2.087,1.45,0.98,22.95,65.88
292,臺北市,2018/03/13,中山,2.8,1.02,21.7,46.0,23,58,18.12,40.15,2.49,0.388,2.102,1.46,1.05,21.18,63.05
293,臺北市,2018/03/12,中山,2.8,0.79,23.2,35.0,14,50,13.26,36.27,2.36,0.269,2.095,1.36,0.97,20.7,52.38
294,臺北市,2018/03/11,中山,1.8,0.41,32.1,24.0,11,22,3.62,18.07,2.03,0.11,1.923,2.48,2.19,19.72,49.62
295,臺北市,2018/03/10,中山,3.8,0.42,30.3,29.0,13,25,5.02,19.98,2.03,0.12,1.905,2.17,1.64,16.61,58.79
296,臺北市,2018/03/09,中山,1.1,0.53,30.9,68.0,29,28,6.56,21.36,2.02,0.138,1.879,1.61,0.79,13.88,62.51
297,臺北市,2018/03/08,中山,0.9,0.48,23.4,17.0,9,29,7.93,21.02,2.04,0.135,1.902,1.24,0.57,14.34,86.46
298,臺北市,2018/03/07,中山,1.6,0.46,26.9,30.0,12,28,7.85,19.69,2.02,0.147,1.875,2.13,1.64,19.62,83.27
299,臺北市,2018/03/06,中山,1.6,0.5,27.9,24.0,12,26,6.63,19.81,1.99,0.116,1.87,2.7,2.3,17.39,86.58
300,臺北市,2018/03/05,中山,2.3,0.85,11.0,54.0,27,42,18.23,23.81,2.42,0.334,2.083,1.82,1.23,22.6,85.83
301,臺北市,2018/03/04,中山,5.4,1.39,9.7,73.0,45,73,34.43,39.01,2.99,0.473,2.515,1.14,0.72,24.16,84.37
302,臺北市,2018/03/03,中山,4.2,1.17,12.3,109.0,56,58,19.17,38.91,2.58,0.34,2.243,1.25,0.9,21.74,87.36
303,臺北市,2018/03/02,中山,5.7,1.27,18.5,69.0,33,69,27.82,40.98,2.51,0.359,2.147,1.51,1.15,22.31,79.74
304,臺北市,2018/03/01,中山,1.8,0.95,19.3,25.0,12,50,24.82,25.27,2.45,0.28,2.169,2.32,1.78,21.34,82.01
305,臺北市,2018/02/28,中山,3.6,1.56,3.8,65.0,34,101,61.26,39.66,3.13,0.562,2.566,1.0,0.54,18.44,93.88
306,臺北市,2018/02/27,中山,3.5,0.84,24.9,58.0,25,48,17.35,30.85,2.26,0.255,2.002,1.73,1.4,19.8,78.22
307,臺北市,2018/02/26,中山,2.2,0.54,27.8,39.0,15,32,7.9,24.34,2.06,0.141,1.914,2.3,1.97,17.15,78.02
308,臺北市,2018/02/25,中山,1.3,0.62,16.6,35.0,22,34,9.13,25.34,2.16,0.157,2.005,1.18,0.76,15.97,96.47
309,臺北市,2018/02/24,中山,3.9,1.04,11.7,69.0,34,60,23.7,36.46,2.51,0.324,2.185,1.29,0.88,18.05,84.56
310,臺北市,2018/02/23,中山,2.9,0.59,28.8,50.0,24,30,6.92,23.33,2.05,0.137,1.908,2.59,2.23,16.66,81.12
311,臺北市,2018/02/22,中山,2.2,0.62,29.7,19.0,11,31,5.91,24.63,2.05,0.143,1.909,1.78,1.53,15.5,90.8
312,臺北市,2018/02/21,中山,1.0,0.59,26.9,18.0,10,25,5.76,19.35,2.04,0.129,1.91,2.07,1.56,17.12,88.65
313,臺北市,2018/02/20,中山,2.4,0.55,24.9,45.0,24,26,7.24,19.16,2.09,0.126,1.959,1.75,1.35,18.98,87.48
314,臺北市,2018/02/19,中山,2.6,0.74,19.1,42.0,26,37,10.7,26.36,2.25,0.193,2.059,1.38,0.85,21.7,70.08
315,臺北市,2018/02/18,中山,4.9,0.77,23.7,53.0,26,44,14.71,28.85,2.35,0.213,2.14,1.28,0.89,20.77,73.53
316,臺北市,2018/02/17,中山,1.8,0.41,38.2,36.0,20,16,3.98,12.34,1.97,0.073,1.9,2.85,2.35,18.08,79.65
317,臺北市,2018/02/16,中山,2.4,0.61,18.1,87.0,42,30,7.07,23.28,2.21,0.161,2.053,1.4,0.96,19.39,83.27
318,臺北市,2018/02/15,中山,2.0,1.01,24.9,46.0,27,55,19.89,35.44,2.5,0.32,2.175,1.04,0.73,21.27,60.83
319,臺北市,2018/02/14,中山,2.7,1.18,18.9,46.0,22,73,33.78,39.44,2.54,0.376,2.159,1.11,0.79,18.83,64.1
320,臺北市,2018/02/13,中山,1.6,0.64,26.2,82.0,22,39,10.03,29.47,2.12,0.175,1.941,2.64,2.24,15.93,63.29
321,臺北市,2018/02/12,中山,-,0.58,31.9,118.0,25,34,8.37,25.14,2.08,0.156,1.926,1.99,1.57,14.53,58.61
322,臺北市,2018/02/11,中山,-,0.53,29.9,51.0,19,26,6.27,19.65,2.05,0.12,1.933,1.66,1.22,12.98,85.39
323,臺北市,2018/02/10,中山,-,0.9,15.1,25.0,19,53,22.93,30.35,2.44,0.288,2.15,1.1,0.59,16.32,94.41
324,臺北市,2018/02/09,中山,5.4,1.23,11.9,30.0,20,92,52.73,38.83,2.55,0.448,2.102,1.25,1.02,16.13,96.44
325,臺北市,2018/02/08,中山,0.8,0.51,26.5,28.0,17,33,6.19,26.81,2.06,0.167,1.897,2.74,2.34,12.84,88.48
326,臺北市,2018/02/07,中山,3.6,0.56,19.3,36.0,18,38,9.84,28.36,2.07,0.159,1.909,2.49,2.2,11.92,86.79
327,臺北市,2018/02/06,中山,1.4,0.63,21.1,55.0,24,41,9.98,30.77,2.1,0.169,1.93,1.73,1.24,10.85,65.76
328,臺北市,2018/02/05,中山,1.1,0.57,17.0,19.0,13,39,11.03,28.18,2.09,0.177,1.913,1.24,0.74,8.55,88.99
329,臺北市,2018/02/04,中山,2.8,0.42,21.5,15.0,9,29,5.25,23.7,2.02,0.117,1.907,1.03,0.67,9.55,92.84
330,臺北市,2018/02/03,中山,1.2,0.63,26.7,35.0,25,30,6.49,23.38,2.06,0.139,1.922,1.21,0.63,10.56,87.97
331,臺北市,2018/02/02,中山,0.5,0.59,26.6,18.0,14,32,7.73,24.77,2.04,0.144,1.893,1.77,1.28,13.26,89.18
332,臺北市,2018/02/01,中山,0.8,0.83,18.8,34.0,24,38,11.92,25.81,2.13,0.189,1.941,1.65,1.11,12.4,87.37
333,臺北市,2018/01/31,中山,1.3,0.64,19.5,14.0,8,39,11.87,27.55,2.13,0.192,1.935,1.82,1.33,15.27,95.2
334,臺北市,2018/01/30,中山,0.7,0.52,22.0,13.0,7,33,9.75,23.39,2.02,0.134,1.885,2.34,1.98,13.2,94.16
335,臺北市,2018/01/29,中山,-,0.59,21.3,16.0,9,31,8.31,22.39,2.03,0.134,1.895,1.83,1.4,12.95,87.76
336,臺北市,2018/01/28,中山,-,0.65,9.3,22.0,11,40,14.69,25.37,2.22,0.218,2.004,1.27,0.84,16.74,91.03
337,臺北市,2018/01/27,中山,-,0.47,23.5,16.0,7,26,7.43,18.14,1.99,0.122,1.869,2.73,2.32,17.71,80.3
338,臺北市,2018/01/26,中山,-,0.42,25.2,13.0,6,25,7.49,17.48,1.95,0.11,1.843,2.88,2.31,16.55,84.79
339,臺北市,2018/01/25,中山,2.2,0.53,26.7,26.0,10,28,7.4,20.2,2.0,0.141,1.856,2.91,2.45,17.55,85.23
340,臺北市,2018/01/24,中山,1.7,0.59,30.3,48.0,19,30,7.08,22.61,2.03,0.14,1.888,3.02,2.44,17.48,81.33
341,臺北市,2018/01/23,中山,2.2,0.5,33.6,36.0,15,27,6.74,20.74,1.98,0.126,1.856,2.51,2.03,19.23,74.35
342,臺北市,2018/01/22,中山,1.5,0.76,28.7,37.0,15,32,9.48,22.78,2.13,0.175,1.953,2.26,1.72,18.14,84.23
343,臺北市,2018/01/21,中山,2.8,0.57,28.3,25.0,13,30,6.23,23.81,2.05,0.137,1.917,2.27,2.02,19.79,90.37
344,臺北市,2018/01/20,中山,4.1,0.6,33.5,34.0,21,24,3.05,20.98,2.01,0.118,1.895,2.7,2.32,19.12,92.85
345,臺北市,2018/01/19,中山,1.8,0.65,23.6,25.0,11,35,7.43,28.03,2.09,0.184,1.91,2.17,1.8,18.96,95.62
346,臺北市,2018/01/18,中山,6.4,0.52,27.5,27.0,10,-,-,-,1.97,0.127,1.841,2.66,2.28,21.05,86.69
347,臺北市,2018/01/17,中山,4.5,0.65,19.7,49.0,25,40,10.79,29.39,2.18,0.227,1.95,2.0,1.59,20.6,76.4
348,臺北市,2018/01/16,中山,3.9,1.06,12.8,47.0,19,69,30.76,37.99,2.52,0.435,2.088,1.17,0.86,19.68,71.03
349,臺北市,2018/01/15,中山,1.4,0.61,17.5,17.0,9,40,14.27,25.58,2.16,0.206,1.951,1.93,1.56,19.57,63.29
350,臺北市,2018/01/14,中山,1.4,0.45,22.4,16.0,6,28,6.91,21.34,2.03,0.137,1.892,1.92,1.55,16.98,66.63
351,臺北市,2018/01/13,中山,3.5,0.46,19.7,20.0,8,32,8.46,23.05,2.03,0.141,1.89,2.07,1.6,13.27,57.47
352,臺北市,2018/01/12,中山,2.4,0.53,22.8,43.0,16,34,10.16,24.14,2.05,0.154,1.9,1.41,0.66,11.8,50.62
353,臺北市,2018/01/11,中山,1.4,0.63,19.8,38.0,14,45,15.27,29.57,2.14,0.199,1.94,1.41,0.73,12.49,55.91
354,臺北市,2018/01/10,中山,2.7,0.6,23.2,28.0,15,38,11.77,25.99,2.06,0.167,1.893,1.26,0.8,12.54,60.52
355,臺北市,2018/01/09,中山,1.9,0.73,17.2,32.0,19,36,10.72,24.84,1.93,0.163,1.762,1.4,0.95,12.03,84.08
356,臺北市,2018/01/08,中山,2.2,1.01,8.0,15.0,7,64,35.48,28.13,2.13,0.3,1.833,1.38,0.88,18.01,97.13
357,臺北市,2018/01/07,中山,1.7,0.49,17.0,10.0,4,34,8.44,25.48,2.06,0.139,1.924,1.42,1.1,18.06,96.61
358,臺北市,2018/01/06,中山,2.1,0.47,22.8,9.0,6,25,5.28,19.45,2.01,0.115,1.89,2.58,2.22,17.33,95.52
359,臺北市,2018/01/05,中山,1.2,0.66,13.7,16.0,9,38,15.46,22.99,2.13,0.2,1.934,1.9,1.4,17.45,93.44
360,臺北市,2018/01/04,中山,2.5,0.73,21.8,43.0,17,42,14.27,27.39,2.16,0.24,1.923,1.8,1.43,21.09,80.98
361,臺北市,2018/01/03,中山,2.2,0.51,24.1,34.0,11,28,8.35,19.29,2.02,0.144,1.876,2.69,2.25,21.86,70.05
362,臺北市,2018/01/02,中山,1.2,0.54,26.6,37.0,12,29,8.28,20.28,2.02,0.138,1.883,2.9,2.5,20.49,73.74
363,臺北市,2018/01/01,中山,2.2,0.51,31.7,66.0,20,22,4.27,17.38,2.03,0.114,1.918,2.9,2.46,17.55,76.43
,,,,,,,,,,,,,,,,,,
,,,,,,,,,,,,,,,,,,
